Action,from,to,data,Technology,Signers,Status,Result
"Schedule Proxy Ownership","0x4C30baDa479D0e13300b31b1696A5E570848bbEe","0x4827c76bD61A223Ddd36D013c78F825eb0bb3Be3","0x01d5062a0000000000000000000000000af816ca37113039880e0d67c886ae500b18cc55000000000000000000000000000000000000000000000000000000000000000000000000000000000000000000000000000000000000000000000000000000c00000000000000000000000000000000000000000000000000000000000000000000000000000000000000000000000000000000000000000000000000000000000000000000000000000000000000000000000000000000000000000000151800000000000000000000000000000000000000000000000000000000000000024f2fde38b0000000000000000000000006c7fa8df1b8dc29a7481bb65ad590d2d16787a8200000000000000000000000000000000000000000000000000000000","MPCVault","Governance","Not Started",""
"Execute Proxy Ownership","0x4C30baDa479D0e13300b31b1696A5E570848bbEe","0x4827c76bD61A223Ddd36D013c78F825eb0bb3Be3","0x134008d30000000000000000000000000af816ca37113039880e0d67c886ae500b18cc55000000000000000000000000000000000000000000000000000000000000000000000000000000000000000000000000000000000000000000000000000000a0000000000000000000000000000000000000000000000000000000000000000000000000000000000000000000000000000000000000000000000000000000000000000000000000000000000000000000000000000000000000000000000024f2fde38b0000000000000000000000006c7fa8df1b8dc29a7481bb65ad590d2d16787a8200000000000000000000000000000000000000000000000000000000","MPCVault","Governance","Not Started",""
"Cancel Proxy Ownership","0x76430daA671BE12200Cd424Ea6bdd8129A769033","0x4827c76bD61A223Ddd36D013c78F825eb0bb3Be3","0xc4d252f5705c2146dd6bcb6b90b4f821258b67eb659d4a67094362da39e93b675cc249da","MPCVault","Governance","Not Started",""
"Schedule Ip Token Staking Ownership","0x4C30baDa479D0e13300b31b1696A5E570848bbEe","0x4827c76bD61A223Ddd36D013c78F825eb0bb3Be3","0x01d5062a000000000000000000000000ed8dfe6f4f6e2f885b74d3738a91b170555938a2000000000000000000000000000000000000000000000000000000000000000000000000000000000000000000000000000000000000000000000000000000c00000000000000000000000000000000000000000000000000000000000000000000000000000000000000000000000000000000000000000000000000000000000000000000000000000000000000000000000000000000000000000000151800000000000000000000000000000000000000000000000000000000000000024f2fde38b0000000000000000000000006c7fa8df1b8dc29a7481bb65ad590d2d16787a8200000000000000000000000000000000000000000000000000000000","MPCVault","Governance","Not Started",""
"Execute Ip Token Staking Ownership","0x4C30baDa479D0e13300b31b1696A5E570848bbEe","0x4827c76bD61A223Ddd36D013c78F825eb0bb3Be3","0x134008d3000000000000000000000000ed8dfe6f4f6e2f885b74d3738a91b170555938a2000000000000000000000000000000000000000000000000000000000000000000000000000000000000000000000000000000000000000000000000000000a0000000000000000000000000000000000000000000000000000000000000000000000000000000000000000000000000000000000000000000000000000000000000000000000000000000000000000000000000000000000000000000000024f2fde38b0000000000000000000000006c7fa8df1b8dc29a7481bb65ad590d2d16787a8200000000000000000000000000000000000000000000000000000000","MPCVault","Governance","Not Started",""
"Cancel Ip Token Staking Ownership","0x76430daA671BE12200Cd424Ea6bdd8129A769033","0x4827c76bD61A223Ddd36D013c78F825eb0bb3Be3","0xc4d252f5ffba1ac6e66a3c2714e24c7f309dea0021bf2f5e5c5b127ba54896d49a288069","MPCVault","Governance","Not Started",""
"Schedule Receive Ip Token Staking Ownership","0x4B089bF9340DdB02a011471Eaa7d8D81C60CB524","0x6c7FA8DF1B8Dc29a7481Bb65ad590D2D16787a82","0x8f2a0bb000000000000000000000000000000000000000000000000000000000000000c0000000000000000000000000000000000000000000000000000000000000010000000000000000000000000000000000000000000000000000000000000001400000000000000000000000000000000000000000000000000000000000000000000000000000000000000000000000000000000000000000000000000000000000000000000000000000000000000000000000000000000000000000000002580000000000000000000000000000000000000000000000000000000000000001000000000000000000000000ed8dfe6f4f6e2f885b74d3738a91b170555938a20000000000000000000000000000000000000000000000000000000000000001000000000000000000000000000000000000000000000000000000000000000000000000000000000000000000000000000000000000000000000000000000010000000000000000000000000000000000000000000000000000000000000020000000000000000000000000000000000000000000000000000000000000002479ba50970000000000000000000000006c7fa8df1b8dc29a7481bb65ad590d2d16787a8200000000000000000000000000000000000000000000000000000000","MPCVault","Governance","Not Started",""
"Execute Receive Ip Token Staking Ownership","0x4B089bF9340DdB02a011471Eaa7d8D81C60CB524","0x6c7FA8DF1B8Dc29a7481Bb65ad590D2D16787a82","0xe38335e500000000000000000000000000000000000000000000000000000000000000a000000000000000000000000000000000000000000000000000000000000000e00000000000000000000000000000000000000000000000000000000000000120000000000000000000000000000000000000000000000000000000000000000000000000000000000000000000000000000000000000000000000000000000000000000000000000000000000000000000000000000000000000000000000001000000000000000000000000ed8dfe6f4f6e2f885b74d3738a91b170555938a20000000000000000000000000000000000000000000000000000000000000001000000000000000000000000000000000000000000000000000000000000000000000000000000000000000000000000000000000000000000000000000000010000000000000000000000000000000000000000000000000000000000000020000000000000000000000000000000000000000000000000000000000000002479ba50970000000000000000000000006c7fa8df1b8dc29a7481bb65ad590d2d16787a8200000000000000000000000000000000000000000000000000000000","MPCVault","Governance","Not Started",""
"Cancel Receive Ip Token Staking Ownership","0xC9a862Df1872402c4eAcbb8402F9BE628B52d270","0x6c7FA8DF1B8Dc29a7481Bb65ad590D2D16787a82","0xc4d252f50adeb8d2af0850307cf6e5d253bbe8e75b37529fa3753cb5522108b34378e3bc","MPCVault","Governance","Not Started",""
